,gap,young,height,barier
0,0.06,102,0.15,0.01701
1,0.06,103,0.15,0.02075
2,0.06,105,0.15,0.02829
3,0.06,106,0.15,0.03208
4,0.06,107,0.15,0.0359
